1a.jpg,0
1b.jpg,0
1c.jpg,0
2a.jpg,0
2b.jpg,0
2c.jpg,0
3a.jpg,0
3b.jpg,0
3c.jpg,0
4a.jpg,0
4b.jpg,0
4c.jpg,0
5a.jpg,0
5b.jpg,0
5c.jpg,0
6a.jpg,0
6b.jpg,0
6c.jpg,0
7a.jpg,0
7b.jpg,0
7c.jpg,0
8a.jpg,0
8b.jpg,0
8c.jpg,0
9a.jpg,0
9b.jpg,0
9c.jpg,0
10a.jpg,0
10b.jpg,0
10c.jpg,0
11a.jpg,0
11b.jpg,0
11c.jpg,0
12a.jpg,0
12b.jpg,0
12c.jpg,0
13a.jpg,0
13b.jpg,0
13c.jpg,0
14a.jpg,0
14b.jpg,0
14c.jpg,0
15a.jpg,0
15b.jpg,0
15c.jpg,0
16a.jpg,0
16b.jpg,0
16c.jpg,0
17a.jpg,0
17b.jpg,0
17c.jpg,0
18a.jpg,0
18b.jpg,0
18c.jpg,0
19a.jpg,0
19b.jpg,0
19c.jpg,0
20a.jpg,0
20b.jpg,0
20c.jpg,0
21a.jpg,0
21b.jpg,0
21c.jpg,0
22a.jpg,0
22b.jpg,0
22c.jpg,0
23a.jpg,0
23b.jpg,0
23c.jpg,0
24a.jpg,0
24b.jpg,0
24c.jpg,0
25a.jpg,0
25b.jpg,0
25c.jpg,0
26a.jpg,0
26b.jpg,0
26c.jpg,0
27a.jpg,0
27b.jpg,0
27c.jpg,0
28a.jpg,0
28b.jpg,0
28c.jpg,0
29a.jpg,0
29b.jpg,0
29c.jpg,0
30a.jpg,0
30b.jpg,0
30c.jpg,0
31a.jpg,0
31b.jpg,0
31c.jpg,0
32a.jpg,0
32b.jpg,0
32c.jpg,0
33a.jpg,0
33b.jpg,0
33c.jpg,0
34a.jpg,0
34b.jpg,0
34c.jpg,0
35a.jpg,0
35b.jpg,0
35c.jpg,0
36a.jpg,0
36b.jpg,0
36c.jpg,0
37a.jpg,0
37b.jpg,0
37c.jpg,0
38a.jpg,0
38b.jpg,0
38c.jpg,0
39a.jpg,0
39b.jpg,0
39c.jpg,0
40a.jpg,0
40b.jpg,0
40c.jpg,0
41a.jpg,0
41b.jpg,0
41c.jpg,0
42a.jpg,0
42b.jpg,0
42c.jpg,0
43a.jpg,0
43b.jpg,0
43c.jpg,0
44a.jpg,0
44b.jpg,0
44c.jpg,0
45a.jpg,0
45b.jpg,0
45c.jpg,0
46a.jpg,0
46b.jpg,0
46c.jpg,0
47a.jpg,0
47b.jpg,0
47c.jpg,0
48a.jpg,0
48b.jpg,0
48c.jpg,0
49a.jpg,0
49b.jpg,0
49c.jpg,0
50a.jpg,0
50b.jpg,0
50c.jpg,0
51a.jpg,0
51b.jpg,0
51c.jpg,0
52a.jpg,0
52b.jpg,0
52c.jpg,0
53a.jpg,0
53b.jpg,0
53c.jpg,0
54a.jpg,0
54b.jpg,0
54c.jpg,0
55a.jpg,0
55b.jpg,0
55c.jpg,0
56a.jpg,0
56b.jpg,0
56c.jpg,0
57a.jpg,0
57b.jpg,0
57c.jpg,0
58a.jpg,0
58b.jpg,0
58c.jpg,0
59a.jpg,0
59b.jpg,0
59c.jpg,0
60a.jpg,0
60b.jpg,0
60c.jpg,0
61a.jpg,0
61b.jpg,0
61c.jpg,0
62a.jpg,0
62b.jpg,0
62c.jpg,0
63a.jpg,0
63b.jpg,0
63c.jpg,0
64a.jpg,0
64b.jpg,0
64c.jpg,0
65a.jpg,0
65b.jpg,0
65c.jpg,0
66a.jpg,0
66b.jpg,0
66c.jpg,0
67a.jpg,0
67b.jpg,0
67c.jpg,0
68a.jpg,0
68b.jpg,0
68c.jpg,0
69a.jpg,0
69b.jpg,0
69c.jpg,0
70a.jpg,0
70b.jpg,0
70c.jpg,0
71a.jpg,0
71b.jpg,0
71c.jpg,0
72a.jpg,0
72b.jpg,0
72c.jpg,0
73a.jpg,0
73b.jpg,0
73c.jpg,0
74a.jpg,0
74b.jpg,0
74c.jpg,0
75a.jpg,0
75b.jpg,0
75c.jpg,0
76a.jpg,0
76b.jpg,0
76c.jpg,0
77a.jpg,0
77b.jpg,0
77c.jpg,0
78a.jpg,0
78b.jpg,0
78c.jpg,0
79a.jpg,0
79b.jpg,0
79c.jpg,0
80a.jpg,0
80b.jpg,0
80c.jpg,0
81a.jpg,0
81b.jpg,0
81c.jpg,0
82a.jpg,0
82b.jpg,0
82c.jpg,0
83a.jpg,0
83b.jpg,0
83c.jpg,0
84a.jpg,0
84b.jpg,0
84c.jpg,0
85a.jpg,0
85b.jpg,0
85c.jpg,0
86a.jpg,0
86b.jpg,0
86c.jpg,0
87a.jpg,0
87b.jpg,0
87c.jpg,0
88a.jpg,0
88b.jpg,0
88c.jpg,0
89a.jpg,0
89b.jpg,0
89c.jpg,0
90a.jpg,0
90b.jpg,0
90c.jpg,0
91a.jpg,0
91b.jpg,0
91c.jpg,0
92a.jpg,0
92b.jpg,0
92c.jpg,0
93a.jpg,0
93b.jpg,0
93c.jpg,0
94a.jpg,0
94b.jpg,0
94c.jpg,0
95a.jpg,0
95b.jpg,0
95c.jpg,0
96a.jpg,0
96b.jpg,0
96c.jpg,0
97a.jpg,0
97b.jpg,0
97c.jpg,0
98a.jpg,0
98b.jpg,0
98c.jpg,0
99a.jpg,0
99b.jpg,0
99c.jpg,0
100a.jpg,0
100b.jpg,0
100c.jpg,0
101a.jpg,0
101b.jpg,0
101c.jpg,0
102a.jpg,0
102b.jpg,0
102c.jpg,0
103a.jpg,0
103b.jpg,0
103c.jpg,0
104a.jpg,0
104b.jpg,0
104c.jpg,0
105a.jpg,0
105b.jpg,0
105c.jpg,0
106a.jpg,0
106b.jpg,0
106c.jpg,0
107a.jpg,0
107b.jpg,0
107c.jpg,0
108a.jpg,0
108b.jpg,0
108c.jpg,0
109a.jpg,0
109b.jpg,0
109c.jpg,0
110a.jpg,0
110b.jpg,0
110c.jpg,0
